,question,answer
0,asset coverage ratio,asset coverage ratio measure ability company cover debt obligation asset
1,capitalization ratio,capitalization ratio reflects extent company operating equity
2,debt ratio,debt ratio give user quick measure amount debt company balance sheet compared asset
3,debt service coverage ratio,corporate finance example debtservice coverage ratio explained amount assessable cash flow congregate annual interest principal payment debt forgetting sinking fund payment
4,debttoequity ratio,debttoequity ratio financial ratio indicating relative proportion entity equity debt used finance entity asset
5,debttoincome ratio,debttoincome ratio expressed personal finance measure helpful comparing individual debt payment income generated himher
6,ratio used creditor rating agency assessment defaulting probability issued,ratio facilitates investor approximate time period required firm business pay debt ignoring factor like interest depreciation tax amortization
7,definition equity multiplier,finance equity multiplier defined measure financial leverage
8,equity ratio,equity ratio refers financial ratio indicative relative proportion equity applied finance asset company
9,definition financial leverage,financial leverage aptly described extent business investor using borrowed money
10,fixed asset net worth,fixed asset net worth ratio measuring solvency company
11,definition fixed charge coverage ratio,ratio calculated summing earnings interest tax ebit fixed charge divided fixed charge tax interest
12,interest coverage ratio,interest coverage ratio measure number time company could make interest payment debt ebit
13,ratio long term debt capital company,total capital company includes long term debt stock company
14,long term debt total asset ratio,ratio calculated yearly decrease ratio would denote company fairing well le dependant debt business need
15,noncurrent asset net worth ratio,noncurrent asset net worth ratio isa measure extent company investment lowliquid noncurrent asset
16,total expense ratio,total expense ratio ratio total fund cost total fund asset
17,definition acidtest ratio,term acidtest ratio also known quick ratio
18,cash ratio,potential creditor use ratio measure company liquidity easily service debt cover shortterm liability
19,definition net working capital,net working capital current asset minus current liability
20,quick ratio,quick ratio measure company ability meet shortterm obligation using liquid asset
21,definition working capital,working capital frequently used measure firm ability meet current obligation
22,alternative term term current ratio,working capital ratio alternative term term current ratio
23,croci,compare cash earned money invested
24,dupont formula,dupont formula method assessing company return equity breaking three part
25,meaning ebt,earnings interest tax used measure ability firm generate income various operation specific course time
26,plowback ratio,per definition earning retention ratio plowback ratio ratio measure amount earnings retained dividend paid shareholder
27,definition ebit,ebit measure entity profitability excludes interest income tax expense
28,definition ebitda,ebitda indicator company financial performance
29,definition ebitda,short earnings interest tax depreciation amortization rent management fee ebitdarm refers financial performance measure used comparison common measure like ebitda situation rent management fee company represent largerthannormal percentage operating cost
30,definition earnings tax,earnings tax defined money retained company deducting money due paid tax
31,effective rate return investment,effective rate return rate interest investment annually compounding occurs
32,definition gross margin,gross margin reveal much company earns taking consideration cost incurs producing product service
33,net interest margin,net interest margin expressed performance metric examines success firm investment decision contrasted debt situation
34,definition net profit margin,net profit margin displayed percentage
35,noplat,measurement profit includes cost tax benefit debt financing
36,explain operating expense ratio,operating expense ratio explained way quantifying cost operating piece property compared income brought property
37,operating margin,operating margin ratio operating income divided net sale
38,overhead ratio,overhead ratio comparison operating expense total income related production good service
39,definition profit analysis,managerial economics profit analysis form cost accounting used elementary instruction short run decision
40,relative return,relative return refers return achieved asset specific time period contrasted benchmark
41,company generate profit leverage,show company ability generate profit leverage rather using leverage
42,definition return average asset,return average asset defined indicator used evaluate profitability asset firm
43,difference return average capital employed return capital employed,return average capital employed ratio reveals profitability investment made company
44,return average equity,return average equity refers performance company financial year
45,definition return capital employed,capital employed equal company equity plus noncurrent liability word longterm fund used company
46,definition term return debt,putting way return debt refers amount profit generated every dollar held company debt
47,return equity,return equity amount net income returned percentage shareholder equity
48,capital return investment business,roic capital return investment business hightech way examining stock return investment corrects specialty return asset return equity
49,commonly used approach evaluating financial consequence business investment,one commonly used approach evaluating financial consequence business investment decision action
50,return net asset,return net asset comparison net income net asset
51,definition term return research capital,return research capital element productivity growth research development one technique employed company develop new product service sale
52,difference higher return retained earnings lower return dividend,higher return retained earnings indicates company would better reinvesting business
53,return revenue,return revenue measure profitability compare net income company revenue
54,definition return sale,return sale ratio widely used evaluate entity operating performance
55,definition measure performance human resource company,measure performance human resource company
56,risk adjusted return,risk adjusted return apply investment fund portfolio individual security
57,many time given period company pay average account payable,ratio show many time given period company pay average account payable
58,ratio asset sale,ratio help measure productivity company asset
59,time required firm turn purchase cash receipt customer,time required business turn purchase cash receipt customer
60,dpo,day payable outstanding account payableturnover expressed day
61,day sale outstanding,day sale outstanding average collection period day account receivable
62,defensive interval,defensive interval ratio also called defensive interval period
63,much company fixed asset used generate revenue,ratio tell u effectively efficiently company using fixed asset generate revenue
64,definition inventory turnover,inventory turnover measure number time inventory sold used given time period one year
65,quickly company collect outstanding cash balance customer accounting period,ratio determines quickly company collect outstanding cash balance customer accounting period
66,many time financial obligation company covered earnings,ratio tell number time financial obligation company covered earnings
67,definition cash flow management,analyzing managing cash flow company known cash flow management
68,cash flow return investment,cash flow return investment indicator help firm evaluate performance investment product
69,good indicator financial health company,higher free cash flow operating cash flow ratio good indicator financial health company
70,ratio company operating cash flow sale revenue,ratio give analyst investor indication ability company generate cash sale
71,pricecash flow ratio,pricecash flow ratio investment valuation ratio used investor evaluate attractiveness investing company share
72,business valuation,valuation used participant financial market determination price paid received willingly consummate business sale
73,dividend payout ratio,dividend payout ratio compare dividend paid company earnings
74,compare dividend share price,also compare dividend share price see much cash flow investor get investment company share
75,dividend yield,dividend yield amount company pay share holder annually investment
76,value company business,enterprise value measure value ongoing operation company
77,definition term,enterprise value multiple comparison enterprise value earnings interest tax depreciation amortization
78,evebitda ratio,evebitda ratio comparison enterprise value earnings interest tax depreciation amortization
79,gordon growth model,gordon growth model model determine fundamental value stock based future sequence dividend mature constant rate provided dividend per share payable year assumption growth dividend constant rate eternity model help solving present value infinite series future dividend
80,risk assessment mortgage accepted,also known risk assessment made mortgage accepted
81,net asset value per share,net asset value per share defined expression net asset value indicates value per share fund company
82,priceearnings growth ratio,peg ratio priceearnings growth ratio used determine relative tradeoff price stock earnings per share expected growth company
83,price earnings ratio,pe ratio valuation ratio company current price per share compared earnings per share
84,pricetoresearch ratio,pricetoresearch ratio expressed measure relationship company market capitalization expense research development
85,pricebook value ratio,pricebook value ratio investment valuation ratio used investor finance provider compare market value company share book value
86,price sale ratio,ratio usually used valuation share
87,role finance stock market,every country economy finance play important role stock market
88,apv project,adjusted present value delineated net present value project financed exclusively equity added present value financing benefit
89,altman z score,commonly lower score reflects higher odds bankruptcy
90,interest rate account,interest calculated determine return person get adding interest payment amount originally deposited next interest payment established marginally higher account balance
91,annualized rate return,annualized rate calculated multiplying change rate return one month get rate year
92,meaning annuity,finance theory term annuity used refer terminating stream fixed payment particular time period
93,average annual growth rate,average annual growth rate evaluated kind investment include measure overall risk involved investment calculated volatility price
94,average annual return,average annual return defined percentage figure used reporting previous return like5 10year average return mutual fund
95,bad debt,bad debt defined explained amount written business loss categorized expense debt owed business collected effort made failed collect owed amount
96,balance sheet analysis,balance sheet analysis defined analysis asset liability equity company
97,explained legal proceeding involves business individual unable,bankruptcy explained legal proceeding involves business individual unable repay outstanding debt
98,definition book value per equity share,simple word book value per equity share give snap shot firm present situation including future consideration firm
99,breakeven point,breakeven point point total cost total sale equal
100,definition term capital asset pricing,capital asset pricing model refers model delineates relationship risk expected return used pricing risky security
101,capital budgeting,capital budgeting refers process involves business determine whether project like investing longterm venture building new plant worth following
102,capital employed,generally capital employed presented deducting current liability total asset
103,cash burn rate,rate company utilizes cash supply specific period time known cash burn rate
104,definition coefficient variation,coefficient variation refers statistical measure distribution data point data series around mean
105,company analysis,company analysis process carried investor evaluate security collecting info related company profile product service well profitability
106,growth rate company,compound annual growth rate company refers growth rate investment year year particular time period
107,term compounding,method addition interest principle known compounding
108,difference sale revenue variable cost,measure profit margin focus proportion sale revenue left deduction variable cost associated product
109,cost debt,cost debt generally refers effective paid company debt
110,risk associated foreign investment,risk included exchange rate risk economic risk political risk sovereign risk transfer risk risk capital frozen government action
111,definition credit risk,investor rewarded presuming credit risk way interest payment issuer borrower debt contract
112,credit score,credit score indicator creditworthiness used lender access chance person repaying hisher debt
113,definition currency risk,putting simple currency risk defined possibility currency depreciation show negative effect value asset investment related interest dividend payment stream specifically security denominated foreign currency
114,number fraud case increasing every year,every year number fraud case increasing reason may attributed technological development
115,annuity,annuity essentially finance related contract permit person buying pay lumpsum basis make payment series return acquiring disbursement regular interval future
116,ratio financial operational leverage,ratio help ascertaining best possible financial operational leverage used firm business
117,degree financial leverage,degree financial leverage leverage ratio sum effect amount financial leverage earning per share company
118,degree operating leverage,degree operating leverage leverage ratio sum effect amount operating leverage company earnings interest tax
119,discount rate,finance discount rate different meaning important one mentioned
120,discounted cash flow,discounted cash flow analysis involves use future free cash flow protrusion discount reach present value used calculate potential investment
121,underlying idea discounted dividend model,underlying idea value obtained dividend discount model greater value share already traded stock considered undervalued
122,main aim diversification company,main aim diversification company allow company establish apart current operation
123,definition due diligence,term due diligence generally used various concept involving investigation either person business signing contract act involving certain standard care
124,eoq model,using model company minimize cost associated ordering inventory holding
125,definition economic risk,generally speaking economic risk described likelihood investment affected macroeconomic condition government regulation exchange rate political stability commonly one foreign country
126,elasticity demand,elasticity demand refers degree responsiveness change demand product service price
127,explicit cost,explicit cost defined direct payment supposed made others due course running business
128,factor analysis,factor analysis reduce set variable set new variable
129,financial analysis report,financial analysis report basically document attracts high interest investor contains detailed appraisal company financial health
130,definition financial modeling,financial model generally featured performing calculation making recommendation basis information
131,process estimating amount required capital determining competition,putting simple process estimating amount required capital determining competition
132,financial ratio,financial ratio well defined comparative magnitude two selected statistical value taken financial statement business enterprise
133,definition financial responsibility,besides essentially important understand various basic principle achieve high level financial responsibility
134,key factor determining risk profitability company,ratio include asset utilization ratio profitability ratio leverage ratio liquidity ratio valuation ratio
135,fixed cost economics,fixed cost economics explained business expense depend level good service proffered business
136,fundamental analysis,fundamental analysis explained method estimating security involves attempting evaluate basic value assessing allied financial economic quantitative qualitative factor
137,future value asset,future value refers value asset cash particular date future equivalent value specified sum present
138,gearing ratio,putting another way gearing ratio used mainly analyzing company capital structure thus assessing company financial position long run
139,meaning horizontal analysis,horizontal analysis allows assessment relative change different item time
140,definition idiosyncratic risk,idiosyncratic risk defined risk affect diminutive number asset almost eradicated diversification
141,definition cost economics,implicit cost economics mean opportunity cost equal given firm using factor neither hire purchase
142,industry analysis,industry analysis delineated market assessment tool designed provide business idea complexity specific industry
143,benchmark,benchmark basically refers standard used measure performance mutual fund security investment manager
144,internal rate return,internal rate return defined return rate make present value cash flow addition final market value investment thus bringing level current market price
145,study past decision made particular investment,also known study past decision made particular investment made
146,investment banking,investment banking explained form banking provides fund meet capital requirement company
147,investment management,investment management refers professional management different security asset meet specified investment goal investor benefit
148,best reducedform model pricing credit risk,one best reducedforms model help ascertaining credit risk
149,key success indicator,kpis differ company industry depending upon performance criterion priority
150,labor efficiency variance,order understand labor efficiency variance properly understand concept working standard costing first
151,leverage ratio,leverage ratio financial ratio measure company level debt relation equity asset
152,leveraged buyout,generally leveraged buyout involves use combination different debt instrument bank debt capital market
153,liquid asset,liquid asset referred asset converted cash quickly minimal impact price received
154,meaning marginal analysis,also marginal analysis generally used microeconomics analyzing complexity system affected marginal manipulation comprising variable
155,definition marginal revenue,many competitive firm continue produce output marginal revenue equal marginal cost
156,definition market capitalization,market capitalization delineated total dollar market value outstanding share company
157,market risk,market risk also known systematic risk potential investor lose value factor experience decline due volatility market example structural change occur market economy whole
158,difference predictable return market portfolio riskfree rate,market risk premium equivalent incline security market line capital asset pricing model
159,definition microeconomic pricing model,microeconomic pricing model essentially model wherein price concerned good service determined within given market
160,fixed overhead,overhead fixed total volume activity variable calculated per unit called fixed overhead
161,monte carlo simulation,monte carlo simulation implies problem solving technique used estimate possibility certain outcome running several trial run known simulation use random variable
162,cost commonly top five ratio used financial field,cost commonly top five ratio used financial field include
163,moving average,moving average basically indicator required purpose conducting technical analysis display security price average value definite period
164,meaning negative equity,negative equity basically name phenomenon
165,important factor requires consideration investing company,expressed investopedia one important factor require consideration investing company amount debt carried company
166,net present value business entity,explained financial author net present value net present worth defined present value individual cash flow incoming outgoing business entity
167,company determine net present value growth opportunity,net present value growth opportunity determined deducting purchase price present value growth opportunity
168,definition nondiversifiable risk,nondiversifiable risk also referred market risk systematic risk
169,definition nonsystematic risk,therefore individual business risk related underlying stock company go bankrupt stated nonsystematic risk event usually little general recede flow entire market
170,difference mean standard deviation distribution,division distance one data point mean standard deviation distribution known normal deviate standardized value
171,definition opportunity cost,word opportunity cost refers benefit could received alternative action
172,best capital structure firm,optimal capital structure indicates best debttoequity ratio firm maximizes value
173,created pareto principle,pareto principle also known thetorule created vilfredo pareto italian economist year 1906
174,passive management,passive management converse active management includes attempt fund manager beat market different investing strategy sellingbuying decision security portfolio
175,definition payback period,simple term payback period defined tool capital budgeting calculates length time required recover original invested amount
176,definition success,many time success defined term progressing towards strategic goal often success simply referred repeated achievement level operational goal
177,annuity,describe detail perpetuity annuity wherein periodic payment commence specific date continue indefinite time
178,present value entity,present value entity defined present worth prospective amount money stream cash flow specified return rate
179,definition price sensitivity,another way explaining price sensitivity consumer demand product changed cost product
180,main reason behind conducting qualitative analysis,could number reason behind conducting analysis may include measurement progress performance evaluation prediction related global event valuation financial instrument
181,quantitative analysis,quantitative analysis business financial analysis technique aim understanding behavior use complex mathematical statistical modeling measurement research
182,value rsquared security,rsquared security isit denotes movement security completely ascertained standard movement market index
183,resultant value,resultant value indicator value one quantity quantity term
184,us ratio analysis,besides ratio analysis used predominantly proponent financial analysis
185,value independent variable change process,value independent variable change process
186,definition risk adjusted discount rate,estimation present value cash high risk investment known riskadjusted discount rate
187,term risk free rate return,riskless rate represents interest expected investor completely riskless investment certain time period
188,rate adjustment used economic business data,saas rate adjustment used economic business data attempt remove data seasonal variation
189,done prevent loss,keeping track change external factor necessary action taken prevent loss
190,sharpe ratio,sharpe derived formula help measure risk adjusted performance
191,solvency mean,finance solvency refers extent current asset business entity exceed current liability
192,solvency ratio,solvency ratio one various ratio used measure ability company meet long term debt
193,standard deviation,general definition standard deviation given measure dispersion set data mean
194,standard deviation sampling distribution,statistic standard deviation sampling distribution known standard error
195,swot,generally swot basic simple model evaluates capability organization well potential opportunity threat
196,systematic risk,systematic risk refers risk intrinsic complete market complete market segment
197,long discounted cash flow projection take calculate value firm,terminal value asset company calculated beyond time period discounted cash flow projection
198,concept time value money,moreover concept time value money also help evaluating likely stream income future manner annual income discounted added thereafter thereby providing lumpsum present value complete income stream
199,trend analysis sale year thetowill converted,trend analysis sale year thetowill converted percentage form order compare
200,ratio return earned surplus could earned risk,ratio measure return earned surplus could earned risk free speculation per unit market risk
201,definition variable cost,variable cost calculated sum marginal cost unit produced
202,vertical analysis financial statement,method compare different item single item accounting period
203,weighted average cost capital,weighted average cost capital explained rate expected provided company average security holder financing asset
204,method weighted average cost flow assumption,method weighted average cost flow assumption periodic inventory method used employed compute value inventory addition cost good sold
205,absorption costing method,absorption costing method involves use total direct cost overhead cost related manufacturing product cost base
206,accelerated depreciation,accelerated depreciation refers method depreciation used income tax accounting purpose allows higher deduction initial year asset life
207,definition accounting analysis,accounting analysis also referred financial analysis financial statement analysis explained assessment stability viability profitability business subbusiness project
208,accounting estimate,accounting estimate approximation amount debited credited item precise mean measurement available
209,accounting policy,accounting policy specific principle base convention rule practice applied entity preparing presenting financial statement
210,definition accounting principle,accounting principle guideline set accounting body every entity must follow preparing financial statement
211,general accepted accounting principle,gaap short generally accepted accounting principle common set accounting principle procedure standard used company compile financial statement
212,definition creditor,seller supplier called creditor
213,credit sale made cash isnt waged time,credit sale made cash isnt waged time sale business buyer augmentation debtor take room
214,definition accrual accounting,accrual accounting refers method accounting evaluates performance position company recognizing economic activity irrespective occurrence cash transaction
215,difference acquisition cost book value,alternatively referred book value cost stated fixed asset section balance sheet
216,definition activity based costing,activity based costing approach determines cost product based activity performed production
217,adjusting entry,accountancy adjusting entry explained journal entry made generally closing accounting period apportion income expenditure period occurred actually
218,administrative expense,administrative expense refer cost operating business directly attributable production good service
219,definition affiliate,term affiliate refers type intercompany relationship involves one company le majority stock held company
220,difference amortization depreciation,accounting amortization similar depreciation method amount decrease period
221,obverse part report,obverse part report includes exciting combination graphic photo well accompany narrative record activity company previous year
222,purpose interim financial statement,however interim financial statement generally unaudited case clearly labeled unaudited thus avoiding misleading statement user
223,asset based financing,asset based financing specialized technique providing structured working capital term loan tenable account receivable machinery inventory equipment real estate
224,definition authorized share,word term also referred authorized share
225,definition authorized share,usually number share authorized much actually required order provide company opportunity issue stock required
226,definition bad debt reserve,usually bad debt reserve considered option debtor liable pay specific amount debt creditor considered bankrupt
227,antonym goodwill,also called negative goodwill
228,balance sheet,balance sheet snapshot company financial condition specific moment time usually close accounting period
229,bill exchange,bill exchange refers written interest bear interest
230,definition living animal,international accounting standard defines biological asset living animal plant
231,bonus depreciation,bonus depreciation refers additional amount deductible depreciation awarded addition usually available
232,book value,book value defined value asset passed balance sheet
233,definition borrowing cost,borrowing cost defined interest cost incurred enterprise relation borrowing fund
234,cost levied borrowing longterm,also cost levied borrowing longterm like real estate mortgage term loan
235,burden rate,actuality burden rate rate indirect cost allocated direct cost make indirect cost part direct cost incurred
236,preferred mean managing business combination,many case preferred mean managing business combination might acquiring controlling amount stock
237,capital expenditure,general definition capital expenditure given fund utilized company acquiring upgrading physical asset like property equipment industrial building
238,definition capitalized cost,capitalized cost incurred financing building fixed asset
239,capitalization rate,capped rate also called capitalization rate
240,cash accounting,cash accounting explained accounting method involves recording receipt period received expense recorded period actually paid
241,cash advance,definition cash advance loan taken credit card charge interest borrower would charged financing charge day cash borrowed day amount repaid full
242,definition cash equivalent,cash equivalent shortterm highly liquid investment readily convertible known amount cash subject insignificant risk change value
243,iasdefine financing activity,ias7 defines financing activity activity result change size composition contributed equity borrowing entity
244,ias7 define investment activity,ias7 defines investing activity activity acquisition disposal longterm asset investment included cash equivalent
245,ias7 define operating activity,ias7 defines operating activity principal revenueproducing activity entity activity investing financing activity
246,operating expense clearing account,example operating expense clearing account maintained keep track entry operating expense close real operating expense account
247,commodity,definition commodity physical substance like grain metal interchangeable another product type bought sold investor sale purchase
248,definition common share,common share aptly defined security lieu equity ownership corporation
249,difference traditional common size financial statement,traditional financial statement used reporting purpose report monetary position company common size financial statement used decisionmaking purpose
250,type income statement used analysis purpose,commonsize income statement type income statement item reported reference revenue company
251,completed contract method accounting,method total contract revenue related cost incurred performance recognizable period contract actually completed
252,definition comprehensive income,according ias1 presentation financial statement comprehensive income change equity period resulting transaction event change resulting transaction owner capacity owner
253,definition conglomerate,however conglomerate diversification business company normal practice usually company depict multiindustry corporate structure
254,meaning consolidated financial statement,putting another way consolidated financial statement addressed combined financial statement parent company subsidiary
255,construction contract,construction contract explained warranty ensures executed job get specific amount compensation way compensation distributed
256,contingent asset,contingent asset possible asset arises past event whose existence confirmed occurrence nonoccurrence one uncertain future event wholly within control entity
257,continuing operation,continuing operation refers business term used define division business company considered normal addition expected operate near future
258,common convertible security,common convertible security includes convertible preferred stock convertible bond transformed common stock equity
259,cost method,cost method method accounting investment whereby investment recognized cost
260,cost good sold,also commonly known cost good sold
261,cost recovery method,cost recovery method basically method recognizing revenue per gross profit recognized till time entire merchandise cost successfully recovered
262,current asset,current asset asset expected used withinmonths
263,liability entity,liability noncurrent liability
264,term equally important finance taxation management accounting,term equally important finance taxation management accounting
265,debt management,debt management refers unofficial agreement unsecured creditor repayment debt specific time period generally extending amount time debt paid back
266,definition reducing balance depreciation method,method depreciation charged asset early year asset life higher gradually decrease year pas
267,deferred tax liability,deferred tax liability amount income tax payable future period respect taxable temporary difference
268,restriction regard employee withdraw fund without penal,besides restriction regard employee withdraw fund without penalized also exist plan
269,defined contribution plan,defined contribution plan basically plan retirement certain specified percentage amount money kept aside every year organization employee benefit
270,mean defined contribution plan,international accounting standard defines defined contribution plan postemployment benefit plan entity pay fixed contribution separate entity legal constructive obligation pay contribution fund hold sufficient asset pay employee benefit relating employee service current prior period
271,direct allocation method,method cost manufacturing service department allocated directly production department company product
272,definition direct cost,word production process product cost labor material expense related production call direct cost
273,definition direct labor cost,case service industry direct labor cost referred labor cost needed providing particular service
274,definition term discontinued operation,discontinued operation refer operation business abandoned sold else wise disposed
275,difference person debt income ratio gross income,besides disposable income amount utilized calculating person debt income ratio
276,definition disposal value,minimum value machine sold without loss called book disposal value
277,distribution cost,distribution cost usually defined cost incurred deliver product production unit end user
278,doubleentry accounting,doubleentry accounting system used record transaction daybook accounting purpose
279,depreciation rate straight line method,depreciation method charged complete purchase price asset rather net salvage value price straight line method
280,percentage company distributable profit allocated outstanding equity share,earnings per share portion company distributable profit allocated outstanding equity share
281,effective interest method,effective interest method method calculating amortized cost financial asset financial liability allocating interest revenue interest expense relevant period
282,example employee benefit,employee benefit explained different nonwage compensation offered employee normal salary wage
283,definition equity,equity equal total asset minus liability
284,issuer return dividend,however necessary issued equity must return dividend based profit term business
285,exchange difference,international accounting standard defines exchange difference difference resulting translating given number unit one currency another currency different exchange rate
286,purpose external reporting,external reporting requires entity provide well documented report circulated amongst public stockholder
287,reason,income statement company event arise extraordinary nonrecurring necessary report
288,definition fair value,international standard accounting define fair value amount asset could exchanged liability settled knowledgeable willing party arm length transaction
289,definition fifo,fifo acronym first first concept way organizing manipulation data proportionate time prioritization
290,definition finance cost,international accounting standarddefines finance cost interest cost entity incurs connection borrowing fund
291,difference financial managerial accounting,financial accounting refers reporting financial position performance firm way financial statement issued external user intervallic basis
292,acronym fasb,fasb standard commonly known gaap manage preparation corporate financial report identified authoritative security exchange commission
293,financial instrument,financial instrument tradable asset kind either cash evidence ownership entity prescribed right receive deliver money financial instrument
294,financial lease,give proper definition expressed agreement wherein lessor receives lease payment covering ownership cost
295,financial report,usually includes summary accounting data year including background note form related info
296,financial statement,financial statement well defined formal record business individual entity financial activity
297,easily understandable,transparency financial statement mean statement user friendly clear everything properly disclosed easily understandable
298,inventory ready sold,finished good part manufacturing process work inventory completed turned finished good ready sold
299,fixed asset,fixed asset longterm tangible piece property firm owns us production income expected consumed converted cash withinmonths
300,fixed asset,fixed asset defined longterm tangible property piece owned firm used purpose incomegeneration
301,fixed capital,fixed capital clearly referred physical capital real capital consumed invested production real product
302,definition foreign currency translation,per u gaap regulation item balance sheet converted exchange rate existing balance sheet date
303,meaning forensic accounting,meaning forensic suitable use court law forensic accountant usually work potential standard outcome
304,forward contract,forward contract defined cash market transaction involves delivery commodity deferred contract created
305,forward rate,forward rate defined rate applicable situation financial transaction
306,making financial statement untransparent,another reason behind making financial statement untransparent give fruitful view firm investor aim attracting
307,difference operating cash flow capital expenditure,may also known operating cash flow minus capital expenditure
308,general accepted accounting principle,generally accepted accounting principle refers widely accepted set rule standard convention procedure reporting financial info
309,meaning going concern,company going concern indicates company gone bankrupt
310,goodwill,generally goodwill represents value intangible asset like good customer relation strong brand name good employee relation kind patent proprietary technology
311,government accounting standard board,government accounting standard board organization aim improving creating accounting reporting related standard gaap
312,definition historical cost,framework international accounting standard board defines historical cost measurement basis according asset recorded amount cash cash equivalent paid fair value consideration given acquire time acquisition
313,ifrs financial statement form,ifrs financial statement form include following statement financial position statement comprehensive income
314,possible write impairment asset,however possible write impairment asset
315,profit loss statement,income statement measure company financial performance specific accounting period
316,definition incremental cost,also referred marginal cost
317,role independence standard board financial reporting procedure public entity,numerous security related law enacted congress managed sec state credibility integrity finance related reporting procedure public entity depends largely auditor operate independently auditing customer
318,intangible asset,intangible asset identifiable nonmonetary asset without physical substance
319,intercompany elimination,intercompany elimination refers process removal transaction company included group preparation consolidated account
320,purpose interim financial statement,interim financial statement applied order convey performance financial company beginning fiscal year end fiscal year
321,role iasb,moreover iasb also responsible maintaining ifrs
322,ifrs,ifrs represent set internationally accepted accounting principle used company prepare financial statement
323,ias2 inventory revised,standard applied annually january2005
324,definition inventory accounting,inventory accounting refers part accounting dealing assessing accounting change inventoried asset
325,line credit,inventory financing refers line credit shortterm loan made company purchasing product sale
326,difference face value share issued shareholder,face value share issued shareholder
327,justintime inventory strategy,justintime inventory strategy referred production strategy employed increase level efficiency reduce waste receiving good form required production process thus reducing inventory cost
328,lease,give legal definition lease rightly stated written agreement wherein owner property allows tenant use property specific time period certain amount rent
329,libor,short london interbank offer rate libor defined interest rate charged one bank another loan
330,last first method,acronym last first lifo method presumes asset acquired produced last sold used disposed first
331,liquidation value,liquidation value defined estimated amount money could received quickly sale asset company
332,longterm liability,longterm liability refer category debt presented balance sheet company required repaid upcoming twelve month instead required paid back within year
333,mark market,mark market used measuring fair value account could alter time like liability asset
334,definition market value,apt definition market value current quoted price share common stock bond bought sold investor specific time
335,current asset,good arent sold accounting cycle price good registered form current asset continue feature balance sheet till time sold
336,minimum lease payment,minimum lease payment payment lease term lessee required make excluding contingent rent cost service tax paid reimbursed lessor together
337,noncontrolling interest business,also referred noncontrolling interest business minority interest accounting concept deal part subsidiary corporation stock owned parent corporation
338,alternative term equity,term net asset alternative term equity
339,net book value asset,net book value defined simple word net value asset
340,net realizable value,generally field accounting net realizable value technique used calculate worth asset inventory
341,net sale number company,net sale refer amount sale engendered business deducting return tax like vat allowance damaged missing good discount allowed
342,net worth,net worth difference company total asset liability
343,definition nominal value,nominal value refers stated value issued security remains permanent compared market value fluctuating nature factor like inflation
344,definition noncontrolling interest,international accounting standard defines noncontrolling interest equity subsidiary attributable directly indirectly parent
345,noncurrent asset,noncurrent asset asset include amount expected recovered thanmonths reporting period
346,noncurrent liability,noncurrent liability liability due paid withinmonths normal course business
347,difference normal costing actual overhead rate,since normal costing make use standard overhead rate instead actual overhead rate method used determining product cost sudden increase cost
348,balance sheet,balance sheet refers asset debt financing activity presented balance sheet entity
349,expense incurred daytoday operation business,expense revenue nature since incurred daytoday operation business incur noncurrent asset
350,definition operating income,operating income income reported income statement company taking account interest taxation
351,operating lease,operating lease basically lease contract allows use asset right similar asset ownership conveyed
352,variable overhead cost,variable overhead cost constant calculated per unit become variable totaled volume output
353,seminal contributor field accounting,seminal contributor field accounting although accounting labeled discipline time
354,par value bond,par value defined face value stated value bond
355,percentageofcompletion method accounting,percentageofcompletion method accounting based revenue recognition principle provides framework recognize revenue expense account company
356,perpetual inventory system,help business updating inventory altering level order placed sale made
357,definition perpetual inventory system,perpetual inventory system defined keeping record stock
358,definition balance sheet,preparing balance sheet inherent part accounting procedure
359,definition postemployment benefit,international accounting standard defines postemployment benefit employee benefit payable completion employment
360,postretirement pension,one form retirement pension paid employee retirement year
361,pro forma invoice,pro forma invoice used various business almost industry
362,process costing method,process costing trace accumulates direct cost allocates indirect cost incurred manufacturing process
363,definition cost production,cost production refers total sum money needed production particular quantity output
364,profit center,profit center division within entity treated separate corporation
365,meaning sentence,meant profit distribution
366,definition provision,international accounting standard defines provision liability uncertain timing amount
367,purpose public oversight board,public oversight board created yearby aicpa usa
368,common accounting method used accounting standard,acquisition accounting also popularly known purchasing method accounting used accounting standard
369,entity preparing account acquisition merger subsidiary usually purchased,accounting entity preparing account acquisition merger subsidiary usually purchased purchase cost rather historical cost
370,qq,qualifying asset asset necessarily take substantial period time get ready intended use sale
371,definition raw material,raw material explained substance material used manufacturing primary production good
372,difference daily profit realized profit,daily profit also known paper profit common parlance amount company business gain daily subtracting amount invested business
373,meaning balancing two account,term also synonymous term bank reconciliation statement refers balancing two account sake checking much amount actual money spent
374,much company buy bond,redemption value considered value company purchase security much time get matured
375,difference salvage value residual value,accountancy residual value also called salvage value fully depreciated worth asset
376,procedure accounting imperative estimate value merchandise store,considering financial aspect particular company store necessary take consideration procedure accounting imperative estimate value merchandise store
377,definition retained earnings,retained earnings sum profit retained company since inception
378,salvage value,salvage value projected resale value asset close useful life
379,purpose sec,sec hold power licensing regulating stock exchange company whose security traded dealer broker carried trading
380,share premium,share premium amount received company face value share
381,difference total asset total liability company,shareholder equity amount show company financed help common share preferred share
382,definition statement cash flow,statement cash flow explained one financial report required disclosed according ifrs u gaap
383,purpose statement change equity,statement change equity explained statement change equity corporation feature created partnership sole proprietorship corporation
384,definition comprehensive income,comprehensive income change equity business enterprise period transaction event circumstance nonowner source
385,new name balance sheet used ifrs,statement financial position new name balance sheet used ifrs
386,shareholder,shareholder stockholder company organization individual another organization legally owns partial full stock public private corporation
387,popular simple method depreciation,straightline method depreciation popular simple method depreciation
388,subsidiary,subsidiary entity entity controlled another entity
389,temporal method,temporal method defined method translating foreign currency use exchange rate based time acquisition asset liability
390,term refers cost carrying transaction,transaction cost term refers cost incurred process carrying transaction
391,difference treasury share treasury share,treasury share share bought back issuing company reducing number share outstanding open market
392,real cost issuing bond,also referred also refer real cost issuing bond
393,difference unit production depreciation unit activity method,unit production depreciation name suggests depreciation asset based number unit produce rather number year useful life left
394,definition unrealized loss,unrealized loss exists value stock decrease purchased investor heshe yet sold
395,happens borrower declared bankrupt,usually occurs case borrower declared bankrupt fails meet term repayment loan debt
396,meaning term gaap,term confined u therefore generally abbreviated u gaap
397,main point comparison u gaap ifrs,main point comparison u gaap ifrs include
398,part inventory currently worked yet production process,work progress part inventory currently worked yet production process
399,accelerated buy back,accelerated buy back also called accelerated share repurchase gimmick used company desire way generate cash shareholder without going formality traditional buyback program without throwing balance sheet kilter
400,term used describe subject matter sale,example company traded sold subject matter sale mean part sale
401,definition acquirer,acquirer either reject purchase accept placing money seller account
402,definition insolvency act,bankruptcy act also called insolvency act defined decree according lawful practice bankruptcy law curb menace especially canada
403,main contribution adam smith time scottish enlightenment,main figure played positive productive role time scottish enlightenment
404,adhocracy,term adhocracy commonly defined form organization operates differently normal bureaucratic line explore opportunity resolve issue get better outcome
405,definition arbitrage,finance arbitrage refers practice taking advantage difference price two market striking arrangement matching deal capitalize upon difference profit difference market price
406,role asset reconstruction authority world,different company established asset reconstruction restructuring authority organization several country
407,difference two type balance theory,balance theory might two type credit balance theory debit balance theory
408,bare trust,bare trust defined basic trust beneficiary complete right asset within trust along income generated asset
409,definition barter,barter system generally bilateral might also multilateral large exists parallel monetary system developed country although limited extent
410,definition benchmark interest rate,various bank world given benchmark rate interest
411,beneficiary trust law,trust law known cestui que use beneficiary natural person entity legal stature entitled receive money assistance another person known benefactor
412,bond,bond refers debt investment wherein investor lends money business company borrows fund specific time period fixed interest rate
413,bribery,bribery defined gift granted individual community organization person granted gift ask favor
414,bridge loan,basically bridge loan interim financing strategy based loan offer financing individual business
415,budget constraint,budget constraint refers combination good service purchased consumer income given price
416,budgetary slack,budgetary slack allowance set extra expenditure entity going incur fore coming period
417,burn rate,burn rate term used synonym cash flow negative opposite direction
418,business plan,business plan decision making tool delineated formal statement set business goal reason achievable plan achieving goal
419,process assessing redesigning flow work within business,process assessing redesigning flow work within business business known business process reengineering
420,term capital account,term capital account used frequently field macroeconomics international finance monetary matter
421,meaning capital accumulation,say investment made realizing financial profit
422,test annual impairment,basically unit account subjected testing annual impairment exists banking system account
423,difference cash payment delivery,transaction element fully satisfied cash payment delivery take place time
424,definition low jeopardy investment,financier looking low jeopardy investment suppose held development numerous cd would yield full quantity innovative speculation even organization delivering certificate deposit breakdown
425,typical clause employment contract,typical one added frequently major employment contract firm company
426,cofinancing term,basically official term cofinancing concerned designing certain arrangement according one party collaborate contribute towards funding
427,collateral,collateral refers asset property presented secure loan credit
428,collateralized mortgage obligation,collateralized mortgage obligation basically kind security mortgage backing establishes separated pool passthrough rate multiple bondholder class variety maturity known tranche
429,collection agency,collection agency business oriented agency concerned collection money debt lender ad company
430,commitment letter,commitment letter formal letter issued lending authority order inform loan applicant term condition getting loan credit
431,commodity paper,commodity paper defined loan advance issued borrower lender part raw material owned borrower serve collateral body people
432,role commodity product spread purchase given tangible,involvement commodity product spread purchase given tangible intangible commodity result purchase subsequent sale product commodity product spread
433,conversion cost,conversion cost defined sum cost incurred carrying conversion article intended output
434,difference bond valuingandcommon stock share,bond valuingwhich convertible intocommon stock share ofeach sell aconversion premium of1500
435,corporate finance specialist,corporate finance specialist assist firm evaluation operating data industry indicator addition providing advice management budget adjustment decision regarding general investment
436,cost benefit analysis,cost benefit analysis refers systematic process used calculate compare cost benefit project decision government policy
437,cost effectiveness analysis assign monetary value measuring effect,unlike cost benefit analysis cost effectiveness analysis assign monetary value measuring effect
438,covenant,covenant generally refers promise agreement formal debt indenture certain activity conducted
439,credit cooperative scheme china,sanctioned cooperative union enables citizen get credit
440,definition credit crunch,may also defined sudden restriction tightening term condition required obtaining loan bank
441,credit limit,credit limit defined maximum amount credit withdrawn debt financial institution bank
442,common form credit line expansion restriction,common form credit line expansion restriction include loan demand protection overdraft specific purpose export packing credit many attribute
443,definition credit rating agency,different kind rating included regard
444,difference cumulative preferred stock common stock,known cumulative preferred stock
445,debenture,debenture instrument backed credibility issuer market physical asset
446,cause deflation,deflation may also caused decrease spending includes government private sector spending
447,purpose discretionary trust,discretionary trust provides trustee power decide come conclusion regard beneficiary would receive fund amount fund heshe would get
448,difference divesture sale,process carried either social financial goal
449,dutch auction,bid made first considered winning bid transforms sale assumption bidding price reserve price
450,escrow,escrow basically type arrangement made per provision laid contract party transacting wherein independent 3rd party get disburses fund orand document behalf party transacting disbursement timing 3rd party depending fulfilling condition listed contract party transacting
451,definition exploration expenditure,exploration expenditure comprises expenditure excluded expenditure incurred taxpayer exploration petroleum eligible recovery exploration area relation petroleum project
452,difference factor cash advance,balance purchase price along net factor discount fee charge paid upon collection
453,definition money surrogate,moreover money surrogate way instrument capital account market created transacting trading asset liability risk
454,branch finance,involves planning organizing directing controlling financial activity business firm like procurement utilization fund business firm
455,franchise,definition franchise form business organization firm already successful good product service called franchisor get contract based relationship another business called franchisee operates name franchisor fee
456,franchise,franchisee may operate franchisors name carry separate business within perimeter set franchisor
457,definition fraud,actually tricky unlawful way obtain something
458,free price system,term free price system refers economic system price decided exchange demand supply price resulting taken signal communicated consumer producer help guiding production distribution resource
459,wage garnishment,process withholding remittance order court known wage garnishment
460,gemckinsey matrix,gemckinsey matrix form analysis using portfolio outlay strategic unit business position sbu industry
461,meaning golden parachute,golden parachute provided mostly executive employee benefit significant noteworthy
462,grace period,word grace period extension period provided borrower good
463,definition grey market,grey market similar term black market
464,definition gdp,actual definition gross domestic product given financial value finished good service generated within nation border certain time period though gdp generally evaluated yearly basis
465,definition country gdp,explained investopedia gross national product refers quantification economic performance country
466,hedge,hedge generally investment position projected make potential loss might incurred cohort investment
467,rate bank hong kong deal,hibor actually rate bank hong kong deal inter bank market
468,high leveraged transaction,bank loan given company already huge debt high leveraged transaction
469,much voting stock holding company need obtain tax consolidation benefit,explained investopedia essential holding company minimum ofof voting stock obtain tax consolidation benefit like taxfree dividend
470,horizontal integration mean,said horizontal integration refers control ownership
471,definition hostile takeover,hostile takeover take place company taken without choice management especially director
472,importance human resource management every company,human resource management important every company help organizing recruitment process within company
473,definition human resource,human resource collection individual work organization form workforce
474,hyperinflation,hyperinflation economy result decrease value money demand supply formula loses original shape
475,benefit incorporation,many benefit incorporation owner business
476,term international contract,incoterms term used international contract published international chamber commerce
477,inflation,inflation rise price product general consumer turn affect cost living normal consumer
478,definition ipo,however ipo also offered large private company wish trade publicly
479,inside information,inside information material information regarding entity board director management orand employee public aware
480,abbreviation imf,imf abbreviation international monetary fund largest financial economic organization world
481,job analysis,job analysis process used collect information relating responsibility duty skill set conclusion work environment given job
482,joint stock company,joint stock company combination partnership corporation
483,difference bribery kickback,moreover kickback bribery impact welfare system impact overall economy
484,difference accepted theory value labor theory value,labor theory value different accepted theory value state value commodity relation labor required obtaining producing commodity related factor production
485,lessee,person lending property making agreement black white lessee
486,lessee,lessor defined owner property subject matter leased agreement
487,letter credit,case buyer unable make payment time purchase required bank cover full pending amount payment
488,life annuity,life annuity based predetermined amount annuitant wish pay periodically till retirement day
489,limited liability company,according definition limited liability company corporate structure shareholder company limited liability company action
490,limited liability partnership,limited liability partnership basically new kind corporate framework combine flexibility involved partnership benefit limited liability entity compliance price low
491,definition management discussion analysis,management discussion analysis basically business related information mandated security exchange commission must also come withyears financial statement audited
492,marginal utility,marginal utility concept according customer provided sense satisfaction gain received consumer getting good service one unit
493,definition market economy,market economy decision related production investment distribution dependent demand supply free price system free price mechanism used determining price good service
494,end security life,simple word explained end security life
495,microcredit,microcredit scheme introduced benefit small level borrower
496,definition microeconomics,thus general microeconomics pay attention pattern demand supply determines output price different market
497,micro finance,like unemployed low income group
498,mixed economy,economic system exhibit characteristic market economy planned economy
499,definition money laundering,money laundering considered serious crime
500,definition money market,security money market incorporates certificate deposit negotiable u
501,monopoly,monopoly situation wherein single entity owns either nearly market particular kind service product
502,mortgage,mortgage refers lien loan property supposed paid specific time period
503,negotiable instrument,negotiable instrument document provides guarantee payment specific amount money
504,definition noncumulative preferred stock,noncumulative preferred stock refers preferred stock share usually dividend starting every year
505,difference shoring outsourcing,shoringis type outsourcing company outsources function done another country
506,definition oligopoly,oligopoly refers market structure hold held hand firm
507,definition book,example book several different story different author called omnibus
508,overdraft,simple word overdraft allows individual continue withdrawal even zero fund
509,participatory management,participative management decentralized form management
510,pension agreement,basically pension parachute pension agreement state case hostile take raiding firm able use pension asset finance acquisition pension plan asset available provide benefit participant plan
511,performance management,performance management process focus achieving target goal efficient effective manner
512,definition perpetual debenture,defined bond maturity date
513,purpose personnel selection process,personnel selection process used hiring individual pool job applicant required qualification knowledge skill competence fill vacant position organization
514,definition petty corruption,term petty corruption used corruption done small scale corruption done lowlevel
515,pledge mean,word pledge mean promise thing make bound something
516,predatory lending considered legal practice,predatory lending considered legal practice
517,preemptive right mean,preemptive right refer shareholder posse right maintain share ownership organization buying proportional number share percentage share already corporation
518,preferred stock,preference share refer stock proffer specific dividend paid prior payment dividend paid common shareholder
519,phenomenon mark repayment loan time early installment,borrower normally repays loan order save oneself form high interest rate repayment observed case refinancing borrower
520,definition private company,ownership company private reason required meet necessary rule public company
521,difference private collective property,private property even different collective property owned group individual
522,prospectus,prospectus legal document required every company filed security exchange commission provide detail investment offered public sale
523,definition protectionism,country using protectionism feel industry getting damage unfair global competition
524,public corporation,public company also known public corporation company whose share traded publicly company plenty shareholder
525,happens agreement signed two party,return favor provided party paying loan another second party agree upon reimbursement amount later date keeping agreement first foremost priority
526,definition quasi rent,term quasi rent new economist
527,purpose accounting policy,accounting policy seldom done
528,form security sell like stock major exchange,form security sell like stock major exchange directly invested real estate either help mortgage property
529,mortgage investment conduit,remic special purpose vehicle spv issuance mortgagebacked security pool mortgage loan
530,recapitalization,recapitalization term used denote sort legal reorientation company capital structure
531,definition recession,word recession mainly associated big decline economic activity country term industrialization employment activity
532,purpose double taxation,passed shareholder highly personal basis one avoid aspect double taxation certain extent
533,first thing strike mind people matter economy,matter economy first thing strike mind people security risk management
534,best way conduct long distance transaction,conduct long distance transaction system come wellorganized term condition becomes beneficial management get transaction done
535,definition risk management,essentially risk management happens time capitalist fund manager examines effort quantify possibility deprivation investment carry precise action inaction given investment target risk margin
536,saleleaseback arrangement,saleleaseback arrangement owner sell belonging property instantly lease back buyer part transaction
537,self financing,self financing procedure company individual spends money completion ongoing project case unavailability funding source
538,single premium deferred annuity,single premium deferred annuity type annuity contract recognized solitary lumpsum payment owner
539,difference sole proprietorship company,businessmen prefer sole proprietorship would think name run company named sole proprietor
540,spot market,spot market commodity security market good perishable nonperishable sold money delivered immediately within short span time
541,definition sic,standard 4digit code used u government identify industry according function product standard industrial classification
542,main type cost associated starting business,startup cost basically nonrecurring costswhich associated setting business fee accountant registration charge legal fee promotional advertising activity well employee training
543,importance strategic planning organization,simple putting strategic planning analysis determines company going next year going get position know getting specified goal
544,asubordinated debt,word asubordinated debt rank security loan phase loan repayment occurs
545,definition subprime lending,many name term subprime lending
546,surplus theory,concept surplus theory developed written karl marx term invented
547,main type swap,recent time swap grown take account currency swap interest rate swap
548,definition task analysis,task analysis recognition prime element given job understanding skill required make sure job done perfect outcome
549,main goal taylorism,main goal taylorism provide way bettering economy especially field labor production
550,definition technical analysis,technical analyst endeavor estimate intrinsic value security
551,basic important question theory economics,basic important question theory economics price good service priced price good service considered correct price good service calculated
552,time management,time management variety technique skill tool may used managing time specific goal project task needed accomplished within given due date
553,trade mark,trademark registered symbol represents specific product intellectual property manufacturer distributor product specified personnel right manufacture distribute product realize profit
554,transfer pricing,transfer pricing business division treated separate entity price charged one part company another part company order provide certain service known transfer pricing
555,definition trustee,term holding trusteeship property possession
556,underwriting,underwriting explained process investment banker raise investment capital investor behalf government corporation issuing security
557,unique selling proposition,let start basic question unique selling proposition
558,definition vci,venture capital financial capital provided investor high potential high risk startup firm small company long term growth potential
559,point vertical integration play role,come point vertical integration play role provide company edge cutting extra cost show efficiency cutting expense spend transportation reducing duration work well
560,voucher,voucher piece evidence prof certain event transaction carried
561,warrant,warrant refers derivative security provides holder right purchase security issuer particular price within specific period time
562,definition form work,form work could anything like product data service
563,yield,yield refers income return investment
564,definition audit engagement,specific audit engagement referred written letter auditor us notify client heshe would engaging auditing service
565,audit evidence,audit evidence generally refers information collected reviewing financial transaction company addition internal control practice essential factor required certification financial statement
566,audit opinion,audit opinion helpful setting scope audit accountant opinion procedure record used creating statement accountant opinion whether financial statement present accurate reflection organization financial condition
567,audit planning,basically step step methodology audit control review financial process internal environment along engagement preparation
568,divided two category,audit procedure divided two category
569,purpose audit report,audit report recorded annual report examines check compliance company financial statement gaap
570,definition residual risk,also referred residual risk audit risk defined risk auditor discern error intentional miscalculation process reviewing financial statement company individual
571,audit sampling,audit sampling defined process applying auditing procedure underof different item organization account balance way every single unit might equal probability selected
572,purpose audit trail,useful tracking market activity improper
573,purpose auditing standard board,auditing standard board produce statement standard guidance certified public accountant nonpublic company audit
574,many firm spread acrosscountries,spread acrosscountries baker tilly international overfirms
575,one top ten audit company world,bdo among top ten audit company world presently sixth preferred audit company
576,definition big four,big four includes four largest international professional service network accountancy professional service
577,comfort letter,auditing context comfort letter letter document independent auditor included preliminary prospectus state though complete audit done review done auditor sufficient assuring information financial statement preliminary prospectus prepared properly best knowledge
578,compliance audit,auditor conduct review security related policy procedure pertaining risk management user access control throughout compliance audit course
579,purpose caats,computer assisted audit technique tool used auditor
580,purpose computer auditing,computer auditing tool facilitates business regard data processing putting special concern targeted operation
581,definition conflict interest,conflict interest believed occur organization individual caught multiple interest one could probably distort motivation one act
582,deloitte touche tohmatsu limited headquarters,company hold headquarters paramount plaza new york city new york midtown manhattan
583,definition detection risk,detection risk actually risk procedure applied auditor fail detect material misstatement financial statement
584,statement,disclaimer opinion basically statement provided auditor doesnt lay sort opinion regard financial position condition company
585,largest private firm u,besides firm ranked 9th largest private company u forbes magazine
586,definition financial auditing,financial auditing refers accounting process applied business
587,gaas,short generally accepted auditing standard gaas refers set systematic guideline used auditor performing audit company financial statement thus ensuring consistency accuracy verifiability action report produced auditor
588,importance connecting client work,company known provide best audit tax consultative knowhow promotes importance connecting client work
589,definition inherent risk,every company apply procedure give accurate result result basically inherited risk factor procedure applied small sample population rather whole population
590,definition institute internal auditor,institute internal auditor implies guidancesetting organization
591,internal audit,internal audit defined evaluation monitoring analysis activity associated operation company also counting business structure information system employee behavior
592,importance international standard professional practice internal auditing,although difference might affect practice internal auditing every environment conformance iias international standard professional practice internal auditing important congregating responsibility internal auditor well internal audit activity
593,role auditor isa,auditor obligatory knowledge whole text isa counting application explanatory material aware objective apply requirement aptly
594,many people work kpmg,moreover firm employ aboutpeople offer three basic service line tax audit advisory
595,litigation risk analysis,litigation risk analysis provides assessment determine whether chance legal action taken company future
596,materiality concept auditing accounting,materiality concept auditing accounting refers truthfulness material
597,purpose model audit,generally model audit appealed banking organization purpose reassuring lender investor alike calculation assumption contained model accurate result obtained model dependable
598,difference unmodified unmodified opinion,information financial statement materially correct opinion auditor unmodified opinion
599,definition nonsampling risk,nonsampling risk risk despite selected appropriate sample auditor arrive wrong conclusion
600,name firm,pkf globally spread overcountries one widest accounting network providing best financial service world
601,name firm shortened,trading name thus shortened pwc septemberas part key rebranding exercise
602,definition professional judgment,suppose condition accountant prepared financial statement auditor check information financial statement true flawed misstatement
603,skepticism,professional skepticism state mind ready situation grab error question financial event event conducting assurance engagement
604,qualified opinion,circumstance qualified opinion given
605,ratio sample estimate population total,ratio sample estimate population total used adjust sample estimate variable interest
606,risk material misstatement,risk material misstatement refers risk financial statement materially misstated present true fair view
607,professional financial company provides type financial service client including risk,founded inand headquartered london rsm professional financial company provides type financial service client including risk management financial management tax advisory
608,definition sampling error,however using sampling data involves risk result found analysis might represent result would acquired using data involving whole population sample derived
609,difference auditor opinion opinion entire population,sampling risk risk auditor opinion would different procedure applied entire population data
610,sarbanesoxley act,commonly known public company accounting reform investor protection act corporate auditing accountability responsibility act sarbanesoxley act implemented july2002
611,name company,founded glasgow yearsmith williamson catered various financial business need customer providing great advisory chartered accountant service client
612,provides auditing report submit report law concerned municipal law authority,company auditor provide auditing report submit report annually semiannually law concerned municipal law authority
613,statutory auditor,statutory auditor country referred external auditor external public accountant certified
614,meaning unqualified opinion,judgment independent author financial record statement company presented appropriately fairly accordance generally accepted accounting principle called unqualified opinion
615,main objective auditing,term vouching core thing auditing refers inspecting documentary evidence auditor support substantiate transaction
616,purpose appraisal institute,work towards making appraisal system transparent support equal opportunity fairness profession appraisal
617,main task appraisal standard board,main task appraisal standard board performs developing interpreting amending uniform standard professional appraisal practice done behalf user appraiser appraisal service
618,appraiser,appraiser professional certified estimate worth value item thing
619,difference approach value sale comparison approach,different property different approach value used
620,cost approach value,cost approach value one approach value used determining value property
621,income approach value,income approach value also known income capitalization approach used determine value income generating property deriving value indication conversion expected benefit like cash flow reversion value property
622,role international valuation standard council,sincethe international valuation standard published international valuation standard council
623,difference business expected close function continuously,going concern valuation mean value business expected close function continuously
624,project appraisal,project appraisal structured process assessing viability project proposal
625,difference valuation special case,therefore valuation become special case effective insurable value property estimated
626,difference real estate appraisal land valuation,type appraisal market value property usually required
627,term residual income,word residual refers opportunity cost excess measured compared book value shareholder equity income firm generates accounting true cost capital residual income
628,role royal institution chartered surveyor,royal institution chartered surveyor professional representative independent body work control surveyor property professional u
629,value property,sale comparison approach determines value property comparing similar property vicinity recently sold along proper adjustment acreage size amenity time etc
630,appraisal foundation formed 1987,formation appraisal foundation inwas due flux arising business relating mortgage lending real estate
631,definition term,uniform standard professional appraisal practice kind quality control standard u
632,example intangible asset,example intangible asset goodwill trademark patent
633,valuation technique,valuation using multiple often known relative valuation technique used making estimate value asset done making comparison asset value value similar asset comparables analyzing market
634,definition valueinuse asset,valueinuse asset net present value cash flow benefit generated asset certain use certain owner
